acoustic_data__length,acoustic_data__maximum,acoustic_data__mean,acoustic_data__median,acoustic_data__minimum,acoustic_data__standard_deviation,acoustic_data__sum_values,acoustic_data__variance,time_to_failure
15000.0,104.0,5.083666666666667,5.0,-98.0,9.648004969364854,76255.0,93.0839998888889,1.4658969640731812
15000.0,30.0,4.939733333333334,5.0,-20.0,3.9332388598823855,74096.0,15.470367928888889,1.4616985321044922
15000.0,40.0,4.9316,5.0,-35.0,5.220330906497531,73974.0,27.251854773333335,1.4584954977035522
15000.0,34.0,4.7618,5.0,-19.0,3.9506447693171975,71427.0,15.607594093333333,1.4541970491409302
15000.0,52.0,5.143666666666666,5.0,-56.0,5.30160603549109,77155.0,28.107026555555553,1.4499986171722412
15000.0,52.0,5.120533333333333,5.0,-37.0,4.5493594840983445,76808.0,20.696671715555553,1.4467955827713013
10000.0,40.0,5.1879,5.0,-32.0,4.70404013482028,51879.0,22.127993590000003,1.4435981512069702
